<!DOCTYPE art SYSTEM "article.dtd">
<art>
   <ui>2052-1847-5-9</ui>
   <ji>2052-1847</ji>
   <fm>
      <dochead>Research</dochead>
      <bibl>
         <title>
            <p>Standardization of the functional syndesmosis widening by dynamic U.S examination</p>
         </title>
         <aug>
            <au id="A1" ca="yes">
               <snm>Mei-Dan</snm>
               <fnm>Omer</fnm>
               <insr iid="I1"/>
               <email>omer@extremegate.com</email>
            </au>
            <au id="A2">
               <snm>Carmont</snm>
               <fnm>Mike</fnm>
               <insr iid="I2"/>
               <email>mcarmont@hotmail.com</email>
            </au>
            <au id="A3">
               <snm>Laver</snm>
               <fnm>Lior</fnm>
               <insr iid="I3"/>
               <insr iid="I4"/>
               <email>laver17@gmail.com</email>
            </au>
            <au id="A4">
               <snm>Nyska</snm>
               <fnm>Meir</fnm>
               <insr iid="I3"/>
               <email>nyska@internet-zahav.net</email>
            </au>
            <au id="A5">
               <snm>Kammar</snm>
               <fnm>Hagay</fnm>
               <insr iid="I8"/>
               <email>kammarh@gmail.com</email>
            </au>
            <au id="A6">
               <snm>Mann</snm>
               <fnm>Gideon</fnm>
               <insr iid="I3"/>
               <insr iid="I5"/>
               <email>gideon.mann.md@gmail.com</email>
            </au>
            <au id="A7">
               <snm>Clarck</snm>
               <fnm>Barnaby</fnm>
               <insr iid="I6"/>
               <email>barns.nz@gmail.com</email>
            </au>
            <au id="A8">
               <snm>Kots</snm>
               <fnm>Eugene</fnm>
               <insr iid="I7"/>
               <email>eukots@gmail.com</email>
            </au>
         </aug>
         <insg>
            <ins id="I1">
               <p>Department of Orthopaedics, Division of Sports Medicine, University of Colorado School of Medicine, Aurora, Colorado</p>
            </ins>
            <ins id="I2">
               <p>Princess Royal Hospital, Telford, UK</p>
            </ins>
            <ins id="I3">
               <p>Department of Orthopaedic Surgery, Sports Medicine Unit, &#8220;Meir&#8221; University Hospital, Kfar-Saba, Israel</p>
            </ins>
            <ins id="I4">
               <p>Department of Orthopaedic Surgery, Division of Sports Medicine, Duke University, Durham, NC, USA</p>
            </ins>
            <ins id="I5">
               <p>Ribstein Center for Sport Medicine Sciences and Research, Wingate Institute, Netanya, Israel</p>
            </ins>
            <ins id="I6">
               <p>North Shore Hospital and Auckland Radiology Group, Auckland, New Zealand</p>
            </ins>
            <ins id="I7">
               <p>Department of Radiology, Musculoskeletal and Invasive Radiology Unit, &#8220;Meir&#8221; University Hospital, Kfar-Saba, Israel</p>
            </ins>
            <ins id="I8">
               <p>Department of General Surgery, &#8220;Meir&#8221; University Hospital, Kfar-Saba, Israel</p>
            </ins>
         </insg>
         <source>BMC Sports Science, Medicine and Rehabilitation</source>
         <issn>2052-1847</issn>
         <pubdate>2013</pubdate>
         <volume>5</volume>
         <issue>1</issue>
         <fpage>9</fpage>
         <url>http://www.biomedcentral.com/2052-1847/5/9</url>
         <xrefbib>
            <pubidlist>
               <pubid idtype="doi">10.1186/2052-1847-5-9</pubid>
               <pubid idtype="pmpid">23638823</pubid>
            </pubidlist>
         </xrefbib>
      </bibl>
      <history>
         <rec>
            <date>
               <day>8</day>
               <month>7</month>
               <year>2012</year>
            </date>
         </rec>
         <acc>
            <date>
               <day>26</day>
               <month>4</month>
               <year>2013</year>
            </date>
         </acc>
         <pub>
            <date>
               <day>2</day>
               <month>5</month>
               <year>2013</year>
            </date>
         </pub>
      </history>
      <cpyrt>
         <year>2013</year>
         <collab>Mei-Dan et al.; licensee BioMed Central Ltd.</collab>
         <note>This is an Open Access article distributed under the terms of the Creative Commons Attribution License (<url>http://creativecommons.org/licenses/by/2.0</url>), which permits unrestricted use, distribution, and reproduction in any medium, provided the original work is properly cited.</note>
      </cpyrt>
      <kwdg>
         <kwd>Syndesmosis</kwd>
         <kwd>Ultrasound</kwd>
         <kwd>Dynamic examination</kwd>
         <kwd>External rotation</kwd>
      </kwdg>
      <abs>
         <sec>
            <st>
               <p>Abstract</p>
            </st>
            <sec>
               <st>
                  <p>Background</p>
               </st>
               <p>Dynamic US examination is a convenient, accurate, inexpensive and reproducible diagnostic tool for assessing the integrity of the distal tibiofibular syndesmosis in ankle injuries. However normal values for physiological functional widening of the anterior tibiofibular clear space in healthy subjects has yet to be determined. The purpose of this study was to determine normal values for the syndesmosis clear space on ultrasound examination.</p>
            </sec>
            <sec>
               <st>
                  <p>Methods</p>
               </st>
               <p>We evaluated 110 healthy subjects. A dynamic U.S examination was performed in neutral (N), forced internal rotation (IR) and external rotation (ER) of the ankle. In each position the anterior tibiofibular clear space was measured at the level of the anterior inferior tibio-fibular ligament (AITFL). Height and calf length were also recorded. Results were analyzed in relation to age, activity, dominant leg and gender.</p>
            </sec>
            <sec>
               <st>
                  <p>Results</p>
               </st>
               <p>Mean age was 32 years (range 16&#8211;60). There were 59 males and 51 females. 60% were professional athletes. Mean height was 173 cm (range 149&#8211;192). Functional Mean position measurements for clear space opening were: N=3.7mm, IR=3.6mm and ER=4.0mm. In younger men and women the clear space was significantly wider in neutral (Men: Y=3.8, O=3.4 \ Women: Y=3.8, O=3.4) and with rotational force application (Men ER: Y=4.1, O=3.6 \ Women ER: Y=4.1, O=3.8) compared to older subjects (p&lt;0.05). There was no correlation with activity, height or the leg length.</p>
               <p>Females had a higher syndesmosis widening ratio (ER/N) under stress than males (p&lt;0.01) this tended to occur more commonly in active subjects.</p>
            </sec>
            <sec>
               <st>
                  <p>Conclusions</p>
               </st>
               <p>Normal values for the syndesmosis clear space on ultrasound examination were determined as 3.78mm in neutral, 3.64mm in internal rotation and 4.08mm in external rotation. The clear space was shown to decrease with age both as an absolute measure and when rotational stresses are applied. Females tend to have a larger clear space and a greater functional widening.</p>
               <p>These findings provide a useful reference for radiologists and sports physicians when performing ultrasound assessment of ankle syndesmotic injuries and we encourage use of this modality.</p>
            </sec>
         </sec>
      </abs>
   </fm>
   <bdy>
      <sec>
         <st>
            <p>Background</p>
         </st>
         <p>Syndesmotic or &#8220;high ankle&#8221; sprains comprise 1% to 20% of all ankle sprains 
				<abbrgrp><abbr bid="B1">1</abbr><abbr bid="B2">2</abbr></abbrgrp>. These injuries are difficult to diagnose when there is no frank diastasis or unstable fracture. Delayed diagnosis of a high ankle sprain results in a longer recovery time 
				<abbrgrp><abbr bid="B3">3</abbr></abbrgrp> and so may be termed latent. Failure to identify or stabilize a syndesmotic injury may predispose to joint instability and abnormal loading and lead to post-traumatic arthritis 
				<abbrgrp><abbr bid="B4">4</abbr></abbrgrp>.</p>
         <p>Frequently imaging is obtained only after an ankle sprain fails to settle with conservative therapy. Syndesmosis opening has been shown using plain radiographs and fluoroscopy with stress examination 
				<abbrgrp><abbr bid="B5">5</abbr></abbrgrp> however both require relatively cumbersome equipment, involve radiation exposure and are susceptible to variation in projection and accuracy. Magnetic resonance imaging may be considered to be the gold standard for detecting anterior inferior tibio-fibula ligament (AITFL) injury but is expensive, not readily available and only provides information during static positioning. Ultrasound examination has recently been shown to be highly sensitive and specific for AITFL injury in patients with normal radiographs when compared to MRI 
				<abbrgrp><abbr bid="B6">6</abbr></abbrgrp>. In addition the relative convenience, accessibility, safety and the low cost of ultrasound examination makes it a potentially popular imaging modality. Dynamic ultrasound may allow the functional stability of the ankle joint to be determined providing valuable information to guide treatment. The normal dimensions of the anterior clear space and how this varies with loading have yet to be determined on ultrasound examination. These values will aid in the diagnosis and may aid management decisions for high ankle sprain injury.</p>
         <p>The aim of this study was to establish normal values for the width of the clear space opening in the neutral position and how this width changes with rotational loading in normal subjects on ultrasound examination. We also aimed to determine factors, which may predispose to anterior clear space opening and AITFL laxity in the normal population, how this width changes with rotational loading and to determine predisposing factors which lead to increased opening.</p>
      </sec>
      <sec>
         <st>
            <p>Methods</p>
         </st>
         <p>We evaluated 110 healthy subjects all of whom gave informed consent for the study. : &#8220;Meir&#8221; University Hospital, Kfar-Saba, Israel ethics approval was obtained prior to recruitment. Ultrasound examination of both ankles was performed in all subjects by an experienced musculoskeletal radiologist (XX) and reviewed by a sports physician, using a 7.5-12 MHz linear transducer HDI 5000 SonoCT ATL (Philips, Andover, Massachusetts). Ultrasound images were obtained to visualize the syndesmosis landmarks, recorded and printed. The printed images were re-evaluated by the primary investigators. If a previous injury was reported or suspected due to a thickened, torn, scarred or deficient AITFL, the subject&#8217;s relevant ankle was excluded from the study.</p>
         <p>Examination technique was standardized as described by Mei-Dan et al. 
				<abbrgrp><abbr bid="B4">4</abbr></abbrgrp>. The patients were examined in the supine position (with the knee flexed to 90 degrees and the foot flush to the examination table). Anterior, lateral and medial compartments were evaluated to exclude previously injured joints. The syndesmosis was imaged in the transverse plane via the anterior approach. The AITFL was visualized for continuity and contour at 1cm proximal to the joint line just above the distal tibial anterior cortex where the ligament is thickest. (Figure 
				<figr fid="F1">1</figr>) The distance between the tibia and fibula (clear space) was measured at the deep border of the ligament. Dynamic ultrasound examination was then performed using external and internal rotations of the foot in five to ten degrees of ankle dorsiflexion (Figure 
				<figr fid="F2">2</figr> and 
				<figr fid="F3">3</figr>). The stability of the syndesmosis was assessed by measuring the tibiofibular clear space opening at both the endpoints of the rotational maneuvers and in a neutral ankle position in the axial plane at the level of the AITFL. The measurements were taken on the U.S monitor and then re-evaluated on a hardcopy print. Each measurement was repeated and was averaged if a difference was documented.</p>
         <fig id="F1">
            <title>
               <p>Figure 1</p>
            </title>
            <caption>
               <p>An axial T1 Turbo Spin Echo magnetic resonance (MR) image, above joint level, where ultrasound measurements are taken</p>
            </caption>
            <text>
               <p><b>An axial T1 Turbo Spin Echo magnetic resonance (MR) image, above joint level, where ultrasound measurements are taken.</b> Note the borders of the healthy Antero Inferior Tibio-Fibular Ligament (AITFL) marked with a red arrow.</p>
            </text>
            <graphic file="2052-1847-5-9-1"/>
         </fig>
         <fig id="F2">
            <title>
               <p>Figure 2</p>
            </title>
            <caption>
               <p>Dynamic Ultrasound views of the Left clear space with healthy AITFL and the Right clear space with torn AITFL, of the same patient</p>
            </caption>
            <text>
               <p><b>Dynamic Ultrasound views of the Left clear space with healthy AITFL and the Right clear space with torn AITFL, of the same patient. A</b>: The healthy ligament is seen connecting the tibia to the fibula and with only a minimal measured clear space opening under stress (ER=External Rotation, IR=Internal rotation, N=Neutral). The right torn side shows a marked clear space opening under stress (ER) as there is no continuous ligament to stop separation of the tibia and fibula. Application of Internal Rotation stress tightens the joint, bringing the tibia and fibula closer to each other, in the absence of the AITFL. <b>B</b>: Dynamic Ultrasound views of a Torn AITFL which presents with widened clear space. (ER=External Rotation, IR=Internal rotation, N=Neutral). The injured syndesmosis shows a marked clear space opening under stress (ER) as there is no continuous ligament to stop separation of the tibia and fibula. Application of Internal Rotation stress tightens the joint, bringing the tibia and fibula closer to each other, in the absence of the AITFL.</p>
            </text>
            <graphic file="2052-1847-5-9-2"/>
         </fig>
         <fig id="F3">
            <title>
               <p>Figure 3</p>
            </title>
            <caption>
               <p>Dynamic U.S examination of the AITFL</p>
            </caption>
            <text>
               <p><b>Dynamic U.S examination of the AITFL.</b> In order to stress the lower syndesmotic joint into an External Rotation position the examiner is holding the foot and moving it towards external rotation and slight dorsiflexion of the ankle (see arrows). As in this diagram when the examination is performed by a single U.S operator the patient is asked to gently press his heel towards the bed to stabilize the ankle for stress maneuvers. The anatomy of the AITFL is also seen.</p>
            </text>
            <graphic file="2052-1847-5-9-3"/>
         </fig>
         <p>Prior to the initiation of the study, reproducibility of the technique was examined by musculoskeletal radiologists in our institute and was found to be comparable with MRI and accurate, as was previously described 
				<abbrgrp><abbr bid="B4">4</abbr></abbrgrp>.</p>
         <p>Age, gender, degree of activity and leg dominance was recorded. Age group compared were &#8220;under 40th group&#8221; (under 40 years old) and &#8220;over 40th group&#8221; (over 40 years old). 110 subjects were studied. There were 59 males and 51 females of mean age 32 years (16&#8211;60 years). 60% (66) of subjects were involved in sports in a professional manner. 68 subjects were in the &#8220;under 40<sup>th</sup> group&#8221;, and 42 in the &#8220;over 40<sup>th</sup> group&#8221;. The mean height was 173 cm (range 149&#8211;192), mean TTMM (tibial tuberosity to medial malleolus) length was 35cm (range 30-41cm) and the right leg was dominant in 83% of the subjects. Subjects were classified as &#8220;active&#8221; or &#8220;non-active&#8221;. We considered active patients those who trained or participated in sports for more than 15 hours per week, typically professional athletes. Non-active patients were those who participated in sports at a social level or not at all. Height and calf length were also measured. &#8220;Calf length&#8221; was measured from medial malleolus to tibial tuberosity.</p>
         <sec>
            <st>
               <p>Statistical analysis</p>
            </st>
            <p>Data was analyzed in relation to age, gender, activity and dominant leg using Pearson correlation, ANCOVA (analysis of covariance) and t-tests. All statistical tests utilized two-sided P values, and the selected level of significance for all variables was alpha = 0.05. SPSS statistical software (version 15.0 SPSS Inc., Chicago) was used to analyze the data.</p>
         </sec>
      </sec>
      <sec>
         <st>
            <p>Results</p>
         </st>
         <p>Side to side differences in subjects were not significant in neutral, forced internal and external rotation. The mean opening of the anterior inferior tibio-fibular clear space was N=3.7mm, IR=3.6mm and ER=4.0mm (Values +2SD: 5.06, 4.9, 5.3, Left side, respectively). Therefore the mean increase in anterior clear space with stress application (ER-N) was found to be 0.3 mm. The mean delta ER-IR was 0.4mm, implying the working range of the joint (Table&#160;
				<tblr tid="T1">1</tblr>). In men and women the clear space was significantly (p&lt;0.05) wider in younger subjects in neutral (Men: Y=3.8 SD-0.6, O=3.4 SD-0.4 \ Women: Y=3.8 SD-0.5, O=3.4 SD-0.4) and with rotational force application (Men ER: Y=4.1 SD-0.6, O=3.6 SD-0.4 \ Women ER: Y=4.1 SD-0.4, O=3.8 SD-0.47) compared to older subjects (Figure 
				<figr fid="F4">4</figr>, Table&#160;
				<tblr tid="T2">2</tblr>). There was no correlation with activity, height or leg length. The &#8220;widening ratio&#8221; of the joint was measured as the ratio ER/N. An analysis of covariance (ANCOVA) evaluated this ratio for both sides and gender and with relation to activity status and age. Female subjects had a higher syndesmosis widening ratio with stress application than males (p&lt;0.01). This tended to occur more commonly in active subjects but was not found to be significant (Figure 
				<figr fid="F5">5</figr>).</p>
         <table id="T1">
            <title>
               <p>Table 1</p>
            </title>
            <caption>
               <p><b>Descriptive statistics</b></p>
            </caption>
            <tgroup align="left" cols="5">
               <colspec align="left" colname="c1" colnum="1" colwidth="1*"/>
               <colspec align="center" colname="c2" colnum="2" colwidth="1*"/>
               <colspec align="center" colname="c3" colnum="3" colwidth="1*"/>
               <colspec align="center" colname="c4" colnum="4" colwidth="1*"/>
               <colspec align="center" colname="c5" colnum="5" colwidth="1*"/>
               <thead valign="top">
                  <row rowsep="1">
                     <entry colname="c1"/>
                     <entry align="center" colname="c2"><p><b>Min. Age</b></p></entry>
                     <entry align="center" colname="c3"><p><b>Max. Age</b></p></entry>
                     <entry align="center" colname="c4"><p><b>Mean</b></p></entry>
                     <entry align="center" colname="c5"><p><b>Std Dev.</b></p></entry>
                  </row>
               </thead>
               <tfoot>
                  <p>Measurements in millimeters.</p>
               </tfoot>
               <tbody valign="top">
                  <row>
                     <entry colname="c1"><p><b>Age (years)</b></p></entry>
                     <entry align="center" colname="c2"><p>16</p></entry>
                     <entry align="center" colname="c3"><p>60</p></entry>
                     <entry align="center" colname="c4"><p>32</p></entry>
                     <entry align="center" colname="c5"><p>14</p></entry>
                  </row>
                  <row>
                     <entry colname="c1"/>
                     <entry align="center" colname="c2"><p><b>Min. Height</b></p></entry>
                     <entry align="center" colname="c3"><p><b>Max. Height</b></p></entry>
                     <entry align="center" colname="c4"><p><b>Mean</b></p></entry>
                     <entry align="center" colname="c5"><p><b>Std. Dev.</b></p></entry>
                  </row>
                  <row>
                     <entry colname="c1"><p><b>Height (cm)</b></p></entry>
                     <entry align="center" colname="c2"><p>149</p></entry>
                     <entry align="center" colname="c3"><p>192</p></entry>
                     <entry align="center" colname="c4"><p>173</p></entry>
                     <entry align="center" colname="c5"><p>8.5</p></entry>
                  </row>
                  <row>
                     <entry colname="c1"><p><b>Position</b></p></entry>
                     <entry align="center" colname="c2"><p><b>Clear space opening - Min.</b></p></entry>
                     <entry align="center" colname="c3"><p><b>Clear space opening - Max.</b></p></entry>
                     <entry align="center" colname="c4"><p><b>Mean</b></p></entry>
                     <entry align="center" colname="c5"><p><b>Std.Dev</b></p></entry>
                  </row>
                  <row>
                     <entry colname="c1"><p><b>Neutral - Lt side</b></p></entry>
                     <entry align="center" colname="c2"><p>2.4</p></entry>
                     <entry align="center" colname="c3"><p>5.3</p></entry>
                     <entry align="center" colname="c4"><p>3.78</p></entry>
                     <entry align="center" colname="c5"><p>0.64</p></entry>
                  </row>
                  <row>
                     <entry colname="c1"><p><b>Internal rotation -Lt</b></p></entry>
                     <entry align="center" colname="c2"><p>2.1</p></entry>
                     <entry align="center" colname="c3"><p>5.4</p></entry>
                     <entry align="center" colname="c4"><p>3.64</p></entry>
                     <entry align="center" colname="c5"><p>0.63</p></entry>
                  </row>
                  <row>
                     <entry colname="c1"><p><b>External rotation - Lt</b></p></entry>
                     <entry align="center" colname="c2"><p>2.69</p></entry>
                     <entry align="center" colname="c3"><p>5.7</p></entry>
                     <entry align="center" colname="c4"><p>4.08</p></entry>
                     <entry align="center" colname="c5"><p>0.63</p></entry>
                  </row>
                  <row>
                     <entry colname="c1"><p><b>Neutral - Rt side</b></p></entry>
                     <entry align="center" colname="c2"><p>2.5</p></entry>
                     <entry align="center" colname="c3"><p>5.2</p></entry>
                     <entry align="center" colname="c4"><p>3.73</p></entry>
                     <entry align="center" colname="c5"><p>0.57</p></entry>
                  </row>
                  <row>
                     <entry colname="c1"><p><b>Internal rotation -Rt</b></p></entry>
                     <entry align="center" colname="c2"><p>2.4</p></entry>
                     <entry align="center" colname="c3"><p>5.1</p></entry>
                     <entry align="center" colname="c4"><p>3.63</p></entry>
                     <entry align="center" colname="c5"><p>0.57</p></entry>
                  </row>
                  <row rowsep="1">
                     <entry colname="c1"><p><b>External rotation - Rt</b></p></entry>
                     <entry align="center" colname="c2"><p>2.8</p></entry>
                     <entry align="center" colname="c3"><p>5.8</p></entry>
                     <entry align="center" colname="c4"><p>4.02</p></entry>
                     <entry align="center" colname="c5"><p>0.57</p></entry>
                  </row>
               </tbody>
            </tgroup>
         </table>
         <fig id="F4">
            <title>
               <p>Figure 4</p>
            </title>
            <caption>
               <p>Absolute AITFL measurements in Neutral position (clear space), Left ankle</p>
            </caption>
            <text>
               <p><b>Absolute AITFL measurements in Neutral position (clear space), Left ankle.</b> Young age group (under 40 y.o). Older age group (40&#8211;60 y.o). The Clear Space absolute measurements are larger with Young age and with males (blue left side lines). This evidence was significant for the age factor (<b>p&lt;0.005</b>). The dots represent group means. The value plotted with the dashes at the end of the vertical segments represent the 95% confident interval.</p>
            </text>
            <graphic file="2052-1847-5-9-4"/>
         </fig>
         <table id="T2">
            <title>
               <p>Table 2</p>
            </title>
            <caption>
               <p><b>Group statistics (T-test)</b></p>
            </caption>
            <tgroup align="left" cols="6">
               <colspec align="left" colname="c1" colnum="1" colwidth="1*"/>
               <colspec align="center" colname="c2" colnum="2" colwidth="1*"/>
               <colspec align="center" colname="c3" colnum="3" colwidth="1*"/>
               <colspec align="center" colname="c4" colnum="4" colwidth="1*"/>
               <colspec align="center" colname="c5" colnum="5" colwidth="1*"/>
               <colspec align="center" colname="c6" colnum="6" colwidth="1*"/>
               <thead valign="top">
                  <row rowsep="1">
                     <entry colname="c1"><p><b>Position when clear space was measure</b></p></entry>
                     <entry align="center" colname="c2"><p><b>Group</b></p></entry>
                     <entry align="center" colname="c3"><p><b>Mean males (mm)</b></p></entry>
                     <entry align="center" colname="c4"><p><b>Std. deviation (Males)</b></p></entry>
                     <entry align="center" colname="c5"><p><b>Mean females (mm)</b></p></entry>
                     <entry align="center" colname="c6"><p><b>Std. deviation (Females)</b></p></entry>
                  </row>
               </thead>
               <tfoot>
                  <p>Y=Young group, O=Old group. All differences (between age groups) are statistically significant.</p>
                  <p>Measurements in millimeters.</p>
               </tfoot>
               <tbody valign="top">
                  <row>
                     <entry colname="c1"><p><b>Neutral</b></p></entry>
                     <entry align="center" colname="c2"><p><b>Y</b></p></entry>
                     <entry align="center" colname="c3"><p>3.85</p></entry>
                     <entry align="center" colname="c4"><p>0.61</p></entry>
                     <entry align="center" colname="c5"><p>3.81</p></entry>
                     <entry align="center" colname="c6"><p>0.51</p></entry>
                  </row>
                  <row>
                     <entry colname="c1"/>
                     <entry align="center" colname="c2"><p><b>O</b></p></entry>
                     <entry align="center" colname="c3"><p>3.43</p></entry>
                     <entry align="center" colname="c4"><p>0.42</p></entry>
                     <entry align="center" colname="c5"><p>3.45</p></entry>
                     <entry align="center" colname="c6"><p>0.44</p></entry>
                  </row>
                  <row>
                     <entry colname="c1"><p><b>Internal rotation</b></p></entry>
                     <entry align="center" colname="c2"><p><b>Y</b></p></entry>
                     <entry align="center" colname="c3"><p>3.77</p></entry>
                     <entry align="center" colname="c4"><p>0.62</p></entry>
                     <entry align="center" colname="c5"><p>3.66</p></entry>
                     <entry align="center" colname="c6"><p>0.53</p></entry>
                  </row>
                  <row>
                     <entry colname="c1"/>
                     <entry align="center" colname="c2"><p><b>O</b></p></entry>
                     <entry align="center" colname="c3"><p>3.30</p></entry>
                     <entry align="center" colname="c4"><p>0.42</p></entry>
                     <entry align="center" colname="c5"><p>3.38</p></entry>
                     <entry align="center" colname="c6"><p>0.38</p></entry>
                  </row>
                  <row>
                     <entry colname="c1"><p><b>External rotation</b></p></entry>
                     <entry align="center" colname="c2"><p><b>Y</b></p></entry>
                     <entry align="center" colname="c3"><p>4.10</p></entry>
                     <entry align="center" colname="c4"><p>0.6</p></entry>
                     <entry align="center" colname="c5"><p>4.10</p></entry>
                     <entry align="center" colname="c6"><p>0.49</p></entry>
                  </row>
                  <row rowsep="1">
                     <entry colname="c1"/>
                     <entry align="center" colname="c2"><p><b>O</b></p></entry>
                     <entry align="center" colname="c3"><p>3.66</p></entry>
                     <entry align="center" colname="c4"><p>0.42</p></entry>
                     <entry align="center" colname="c5"><p>3.81</p></entry>
                     <entry align="center" colname="c6"><p>0.47</p></entry>
                  </row>
               </tbody>
            </tgroup>
         </table>
         <fig id="F5">
            <title>
               <p>Figure 5</p>
            </title>
            <caption>
               <p>The &#8220;widening ratio&#8221; of the joint</p>
            </caption>
            <text>
               <p><b>The &#8220;widening ratio&#8221; of the joint.</b> The &#8220;widening ratio&#8221; of the joint measured as the ER/N ratio in the left ankle. The Females syndesmosis widened under stress more than the male. (p&lt;0.01).</p>
            </text>
            <graphic file="2052-1847-5-9-5"/>
         </fig>
      </sec>
      <sec>
         <st>
            <p>Discussion</p>
         </st>
         <p>In this study we have established that the normal tibio-fibular clear space is 3.78mm and that the mean widening of the tibio-fibular clear space is 0.3mm for ER-N and 0.44mm for ER-IR on dynamic ultrasound examination. In neutral position a measurement of 5.06 mm (Std. Dev. 0.64, 3.78+2SD=5.06) would be 2 standard deviations above the mean. This suggests a measurement greater than this should be suspected as abnormal. Females had increased clear space opening with forced external rotation, with a significantly greater &#8220;widening ratio&#8221; of the AITFL to applied stress. This agrees with the literature as female subjects tend to be more flexible than males 
				<abbrgrp><abbr bid="B7">7</abbr></abbrgrp>. There was no correlation between clear space opening and activity, height or leg length. Those who participate in gymnastics and dance tend to have increased joint laxity, 
				<abbrgrp><abbr bid="B8">8</abbr></abbrgrp> however in this study sports activity was not shown to be a significant factor, although a trend was evident.</p>
         <p>Younger subjects showed higher absolute clear space opening measurements and stress opening than older subjects, a result which was evident in both genders. This finding is expected given the general increase in stiffness that occurs with aging 
				<abbrgrp><abbr bid="B9">9</abbr><abbr bid="B10">10</abbr></abbrgrp>. We also found that activity, height or leg length did not correlate significantly with opening of the joint. That means that tall athletes, for an example, would not have a larger opening than younger non-active females.</p>
         <p>The results of a previously published study indicate that a dynamic ultrasound examination can accurately diagnose a syndesmotic injury in cases of latent (not evidenced on radiograph films) grade 3 AITFL sprains 
				<abbrgrp><abbr bid="B4">4</abbr></abbrgrp>. Similar to other ligament injuries, injuries to the AITFL are graded based on stretch (grade1), partial tear (grade 2), or complete rupture (grade 3) 
				<abbrgrp><abbr bid="B11">11</abbr></abbrgrp>. Complete rupture of the AITFL is described as a stage one syndesmotic injury, which with additional force may cause the talus to spread the tibia and fibula apart. This can subsequently damage the posterior aspect of the syndesmosis (PITFL and transverse ligament) and cause a stage three injury 
				<abbrgrp><abbr bid="B12">12</abbr></abbrgrp> or a frank fracture.</p>
         <p>One of the strengths of this study is that it provides information regarding the width of the anterior tibio-fibular clear space in a neutral unloaded position and also provides dynamic assessment of the opening of this space with the application of a deforming force. We believe this is the first study to record syndesmotic opening dynamically in normal subjects.</p>
         <p>One of the features of this presented method is reproducibility. Ultrasound examination is operator dependent and requires regular practice to be familiar with localized imaging and normal values. We have used a published standardized technique to measure the width of the anterior tibio-fibular clear space 
				<abbrgrp><abbr bid="B4">4</abbr></abbrgrp>. In this series one experienced radiologist (XX) performed the US examinations accompanied by a muscloskeletal ultrasound trained sports physician (YY) in an attempt to minimize intra-observer error. Prior to the initiation of the study, reproducibility was verified by two other musculoskeletal radiologists in our institute. The technique of ultrasound measurement of the anterior clear space was quick to learn and was considered to be reproducible, comparable with MRI and shown to have an accuracy of 89-100% for AITFL injury 
				<abbrgrp><abbr bid="B4">4</abbr></abbrgrp>. By recording the values of syndesmotic opening in normal subjects we have provided normal reference values, which can assist less experienced musculoskeletal ultrasonographers. It is important that all measurements are taken at the same level above the ankle joint in order to standardize the relation between N, ER and IR positions. Even if the probe is placed a few millimeters higher, the absolute clear space opening measurement in neutral position might be increased but dynamic evaluation will keep the same relationships.</p>
         <p>Another potential weakness is the lack of a standardized deforming force to recreate the opening of the syndesmosis. As this was a clinical study on live subjects the syndesmosis was not tested to failure but merely the width at maximal opening was determined. External rotation was performed until a firm recognizable end point was reached. Error was minimized by the same examiner applying a similar rotational force, and appreciating the same firm end point from neutral dorsiflexion/plantarflexion in each case.</p>
         <p>Age groups compared in this study were under and over 40 years of age. We have chosen 40years as a cutoff age between young and older group as most of our study subjects fell into these two main groups. We had one cluster around 20&#8211;30 years of age, which usually stand for the population who tend to suffer from syndesmosis injuries, and another cluster around the 50 years of age. We had very few subjects between 35 to 45 years of age, and no one at that exact age.</p>
         <p>The kinematic biomechanics of the distal tibio-fibular syndesmosis are subtle and are coupled with the ankle joint. With ankle dorsiflexion the talus rotates about 5 degrees externally about it&#8217;s axis in dorsiflexion and internally with plantarflexion 
				<abbrgrp><abbr bid="B13">13</abbr><abbr bid="B14">14</abbr></abbrgrp>. Correspondingly the fibula also rotates 3&#8211;5 degrees externally about its axis in the fibular groove of the tibia with a full range of ankle motion 
				<abbrgrp><abbr bid="B13">13</abbr><abbr bid="B15">15</abbr></abbrgrp>. Norkus and Floyd 
				<abbrgrp><abbr bid="B15">15</abbr></abbrgrp> established that with fibula rotation the syndesmosis widens by 1&#8211;2 mm when the foot is moved from plantar to dorsiflexion 
				<abbrgrp><abbr bid="B15">15</abbr></abbrgrp>.</p>
         <p>Given the subtle movements of the intact syndesmosis it is not surprising that clinical detection of syndesmotic instability is difficult. The calf compression test (squeeze test) 
				<abbrgrp><abbr bid="B2">2</abbr></abbrgrp>, the External Rotation test 
				<abbrgrp><abbr bid="B1">1</abbr></abbrgrp>, and the direct eversion maneuver have all been described to clinically detect syndesmotic instability, with sensitivity ranging from 33-92% 
				<abbrgrp><abbr bid="B3">3</abbr></abbrgrp>. Imaging therefore plays a key role in the detection of syndesmotic injury.</p>
         <p>AP and Mortise plain static radiographs have shown sensitivity, specificity, and accuracy of 44.1%, 100%, and 63.5% for the AP view and 58.3%, 100%, and 71.2% for the mortise view when compared to arthroscopic examination 
				<abbrgrp><abbr bid="B16">16</abbr></abbrgrp>. Nielson et al. 
				<abbrgrp><abbr bid="B17">17</abbr></abbrgrp> found no association between the tibio-fibular clear space and overlap measurements in patients with syndesmotic injuries on plain radiographs when compared to MRI. Since the width of the tibio-fibular clear space does not change with rotation and the tibio-fibular overlap, width of the tibia and fibula, and medial clear space all do change with rotation comparison views may warranted to account for biologic variation 
				<abbrgrp><abbr bid="B5">5</abbr><abbr bid="B18">18</abbr><abbr bid="B19">19</abbr></abbrgrp>.</p>
         <p>CT scanning is sensitive for bony alignment and can identify 2&#8211;3 mm diastases not seen on a plain radiograph 
				<abbrgrp><abbr bid="B20">20</abbr></abbrgrp>. Spiral CT scan analysis reveals that a 1 mm diastasis increases the syndesmosis volume by approximately 43% with an additional 20% for each subsequent millimeter 
				<abbrgrp><abbr bid="B21">21</abbr></abbrgrp>.</p>
         <p>MRI is considered the optimal static imaging modality for AITFL integrity, but cost and availability do not warrant use for all suspected syndesmotic injuries 
				<abbrgrp><abbr bid="B6">6</abbr><abbr bid="B22">22</abbr><abbr bid="B23">23</abbr></abbrgrp>. There is potential for the development of dynamic MR imaging to visualize ligament laxity and joint instability in the future.</p>
         <p>Direct arthroscopic visualization of clear space opening and syndesmotic instability may be considered to be the gold standard but is invasive and not without risks. Milz et al. 
				<abbrgrp><abbr bid="B6">6</abbr></abbrgrp> compared static ultrasound examination and MRI studies for the examination of the lateral ligaments complex and tibio-fibular syndesmosis. Ultrasound was found to have a sensitivity of 66% and specificity of 91% for AITFL injury.</p>
         <p>In a previous study assessing ultrasound imaging of the syndemsosis in AITFL injured patients 
				<abbrgrp><abbr bid="B4">4</abbr></abbrgrp>, the syndesmosis was found to widen as much as 1.1mm from neutral to external rotation and 1.85mm moving from external to internal rotation, 11 and 9 times greater than in normal joints which has movement of this 0.1 mm and 0.2 mm in respectively., In comparing these two studies it is evident that healthy syndesmoses widen significantly less than traumatized syndesmoses with AITFL injury. This demonstrates the potential of ultrasound examination in determining the integrity of the syndesmosis following injury.</p>
         <p>The control healthy patients of the previous published study showed a normal small opening between the anterior fibula and tibia at the syndesmosis level with mean (ER-IR) of 0.2 mm. These values are similar to the findings of this series.</p>
         <p>In the previous study a minimal value of 0.4mm for increased opening of the joint clear space with ER-N had a sensitivity and specificity of 89% for AITFL injury. This cut off is reinforced by this current study where a maximal opening of the normal clear space was found to be 0.3mm.</p>
         <p>Using dynamic ultrasound examination we have determined the width and opening of the anterior tibio-fibular clear space in neutral and with forced external and internal rotation positions, Allowing radiologists and sports physicians to determine abnormal syndesmotic laxity and AITFL injury in a readily accessible, reproducible and radiation free imaging modality.</p>
      </sec>
      <sec>
         <st>
            <p>Conclusions</p>
         </st>
         <p>Normal values for the syndesmosis clear space on ultrasound examination were determined as 3.78 mm in neutral, 3.64 mm in internal rotation and 4.08mm in external rotation. The clear space was shown to decrease with age both as an absolute measure and when rotational stresses are applied. Females tend to have a larger clear space and a greater functional widening.</p>
         <p>These findings provide a useful reference for radiologists and sports physicians when performing ultrasound assessment of ankle syndesmotic injuries as well as a measurable tool for diagnosis of this often missed injury and we encourage use of this modality.</p>
      </sec>
      <sec>
         <st>
            <p>Competing interest</p>
         </st>
         <p>The authors declare that they have no competing interest.</p>
      </sec>
      <sec>
         <st>
            <p>Authors&#8217; contributions</p>
         </st>
         <p>OMD is the principal investigator, initiator of this study and was involved in logistical setup and drafting the manuscript. MC was involved in statistical analysis and drafting the manuscript. LL was involved in logistical setup, data recording and collection and literature review. MN was involved in patient recruitment and study design. HK was involved in data recording and collection. GM was involved in patient recruitment and study design. BC was involved in statistical analysis and sonographic data evaluation. EK performed the sonographic testing and evaluations. All authors read and approved the final manuscript.</p>
      </sec>
   </bdy>
   <bm>
      <refgrp>
         <bibl id="B1">
            <title>
               <p>Syndesmotic ankle sprains</p>
            </title>
            <aug>
               <au>
                  <snm>Boytim</snm>
                  <fnm>MJ</fnm>
               </au>
               <au>
                  <snm>Fischer</snm>
                  <fnm>DA</fnm>
               </au>
               <au>
                  <snm>Neumann</snm>
                  <fnm>L</fnm>
               </au>
            </aug>
            <source>Am J Sports Med</source>
            <pubdate>1991</pubdate>
            <volume>19</volume>
            <fpage>294</fpage>
            <xrefbib>
               <pubidlist>
                  <pubid idtype="doi">10.1177/036354659101900315</pubid>
                  <pubid idtype="pmpid">1907807</pubid>
               </pubidlist>
            </xrefbib>
         </bibl>
         <bibl id="B2">
            <title>
               <p>Syndesmosis sprains of the ankle</p>
            </title>
            <aug>
               <au>
                  <snm>Hopkinson</snm>
                  <fnm>WJ</fnm>
               </au>
               <au>
                  <snm>St Pierre</snm>
                  <fnm>P</fnm>
               </au>
               <au>
                  <snm>Ryan</snm>
                  <fnm>JB</fnm>
               </au>
            </aug>
            <source>Foot Ankle</source>
            <pubdate>1990</pubdate>
            <volume>10</volume>
            <fpage>325</fpage>
            <xrefbib>
               <pubidlist>
                  <pubid idtype="doi">10.1177/107110079001000607</pubid>
                  <pubid idtype="pmpid">2113510</pubid>
               </pubidlist>
            </xrefbib>
         </bibl>
         <bibl id="B3">
            <title>
               <p>Prospective evaluation of syndesmotic ankle sprains without diastasis</p>
            </title>
            <aug>
               <au>
                  <snm>Nussbaum</snm>
                  <fnm>ED</fnm>
               </au>
               <au>
                  <snm>Hosea</snm>
                  <fnm>TM</fnm>
               </au>
               <au>
                  <snm>Sieler</snm>
                  <fnm>SD</fnm>
               </au>
               <au>
                  <snm>Incremona</snm>
                  <fnm>BR</fnm>
               </au>
            </aug>
            <source>Am J Sports Med</source>
            <pubdate>2001</pubdate>
            <volume>29</volume>
            <fpage>31</fpage>
            <xrefbib>
               <pubid idtype="pmpid" link="fulltext">11206253</pubid>
            </xrefbib>
         </bibl>
         <bibl id="B4">
            <title>
               <p>A dynamic ultrasound examination for the diagnosis of ankle syndesmosis injury in professional athletes. A preliminary study</p>
            </title>
            <aug>
               <au>
                  <snm>Mei-Dan</snm>
                  <fnm>O</fnm>
               </au>
               <au>
                  <snm>Kotz</snm>
                  <fnm>E</fnm>
               </au>
               <au>
                  <snm>Barchilon</snm>
                  <fnm>V</fnm>
               </au>
            </aug>
            <source>Am J Sports Med</source>
            <pubdate>2009</pubdate>
            <volume>37</volume>
            <fpage>1009</fpage>
            <xrefbib>
               <pubidlist>
                  <pubid idtype="doi">10.1177/0363546508331202</pubid>
                  <pubid idtype="pmpid" link="fulltext">19336613</pubid>
               </pubidlist>
            </xrefbib>
         </bibl>
         <bibl id="B5">
            <title>
               <p>The effects of rotation on radiographic evaluation of the tibiofibular syndesmosis</p>
            </title>
            <aug>
               <au>
                  <snm>Pneumaticos</snm>
                  <fnm>SG</fnm>
               </au>
               <au>
                  <snm>Noble</snm>
                  <fnm>PC</fnm>
               </au>
               <au>
                  <snm>Chatziioannou</snm>
                  <fnm>SN</fnm>
               </au>
            </aug>
            <source>Foot Ankle Int</source>
            <pubdate>2002</pubdate>
            <volume>23</volume>
            <fpage>107</fpage>
            <xrefbib>
               <pubid idtype="pmpid">11858329</pubid>
            </xrefbib>
         </bibl>
         <bibl id="B6">
            <title>
               <p>Lateral ankle ligaments and tibiofibular syndesmosis. 13-MHz high-frequency sonography and MRI compared in 20 patients</p>
            </title>
            <aug>
               <au>
                  <snm>Milz</snm>
                  <fnm>P</fnm>
               </au>
               <au>
                  <snm>Milz</snm>
                  <fnm>S</fnm>
               </au>
               <au>
                  <snm>Steinborn</snm>
                  <fnm>M</fnm>
               </au>
            </aug>
            <source>Acta Orthop Scand</source>
            <pubdate>1998</pubdate>
            <volume>69</volume>
            <fpage>51</fpage>
            <xrefbib>
               <pubidlist>
                  <pubid idtype="doi">10.3109/17453679809002357</pubid>
                  <pubid idtype="pmpid">9524519</pubid>
               </pubidlist>
            </xrefbib>
         </bibl>
         <bibl id="B7">
            <title>
               <p>The effects of gender and maturational status on generalized joint laxity in young athletes</p>
            </title>
            <aug>
               <au>
                  <snm>Quatman</snm>
                  <fnm>CE</fnm>
               </au>
               <au>
                  <snm>Ford</snm>
                  <fnm>KR</fnm>
               </au>
               <au>
                  <snm>Myer</snm>
                  <fnm>GD</fnm>
               </au>
            </aug>
            <source>J Med Sci Sport</source>
            <pubdate>2008</pubdate>
            <volume>11</volume>
            <fpage>257</fpage>
            <xrefbib>
               <pubid idtype="doi">10.1016/j.jsams.2007.05.005</pubid>
            </xrefbib>
         </bibl>
         <bibl id="B8">
            <title>
               <p>The quantification of joint laxity in dancers and gymnasts</p>
            </title>
            <aug>
               <au>
                  <snm>Gannon</snm>
                  <fnm>LM</fnm>
               </au>
               <au>
                  <snm>Bird</snm>
                  <fnm>HA</fnm>
               </au>
            </aug>
            <source>J Sports Sci</source>
            <pubdate>1999</pubdate>
            <volume>17</volume>
            <fpage>743</fpage>
            <xrefbib>
               <pubidlist>
                  <pubid idtype="doi">10.1080/026404199365605</pubid>
                  <pubid idtype="pmpid" link="fulltext">10521005</pubid>
               </pubidlist>
            </xrefbib>
         </bibl>
         <bibl id="B9">
            <title>
               <p>Aging effects on passive resistive torque in the rat ankle joint after lengthening contractions</p>
            </title>
            <aug>
               <au>
                  <snm>Ochi</snm>
                  <fnm>E</fnm>
               </au>
               <au>
                  <snm>Nakazato</snm>
                  <fnm>K</fnm>
               </au>
               <au>
                  <snm>Song</snm>
                  <fnm>H</fnm>
               </au>
            </aug>
            <source>J Othop Sci</source>
            <pubdate>2008</pubdate>
            <volume>13</volume>
            <fpage>218</fpage>
            <xrefbib>
               <pubid idtype="doi">10.1007/s00776-008-1216-8</pubid>
            </xrefbib>
         </bibl>
         <bibl id="B10">
            <title>
               <p>Mechanical and morphological properties of human quadriceps femoris and triceps surae muscle tendon unit in relation to aging and running</p>
            </title>
            <aug>
               <au>
                  <snm>Karamandis</snm>
                  <fnm>K</fnm>
               </au>
               <au>
                  <snm>Arampatzis</snm>
                  <fnm>A</fnm>
               </au>
            </aug>
            <source>J Biomech</source>
            <pubdate>2006</pubdate>
            <volume>39</volume>
            <fpage>406</fpage>
            <xrefbib>
               <pubidlist>
                  <pubid idtype="doi">10.1016/j.jbiomech.2004.12.017</pubid>
                  <pubid idtype="pmpid" link="fulltext">16389081</pubid>
               </pubidlist>
            </xrefbib>
         </bibl>
         <bibl id="B11">
            <title>
               <p>Syndesmotic injuries of the ankle</p>
            </title>
            <aug>
               <au>
                  <snm>Casillas</snm>
                  <fnm>MM</fnm>
               </au>
            </aug>
            <source>DeLee and Drez&#8217;s orthopaedic sports medicine: principles and practice</source>
            <publisher>Philadelphia, Pa: WB Saunders</publisher>
            <editor>DeLee J, Drez D, Miller MD</editor>
            <edition>2</edition>
            <pubdate>2002</pubdate>
            <fpage>2353</fpage>
            <xrefbib>
               <pubid idtype="pmpid">1714244</pubid>
            </xrefbib>
         </bibl>
         <bibl id="B12">
            <title>
               <p>Clinical association of acute lateral ankle sprain with syndesmotic involvement: a stress radiography and magnetic resonance imaging study</p>
            </title>
            <aug>
               <au>
                  <snm>Uys</snm>
                  <fnm>HD</fnm>
               </au>
               <au>
                  <snm>Rijke</snm>
                  <fnm>AM</fnm>
               </au>
            </aug>
            <source>Am J Sports Med</source>
            <pubdate>2002</pubdate>
            <volume>30</volume>
            <fpage>816</fpage>
            <xrefbib>
               <pubid idtype="pmpid" link="fulltext">12435647</pubid>
            </xrefbib>
         </bibl>
         <bibl id="B13">
            <title>
               <p>Some applications of the functional anatomy of the ankle joint</p>
            </title>
            <aug>
               <au>
                  <snm>Close</snm>
                  <fnm>JR</fnm>
               </au>
            </aug>
            <source>J Bone Joint Surg Am</source>
            <pubdate>1956</pubdate>
            <volume>38</volume>
            <fpage>761</fpage>
            <xrefbib>
               <pubid idtype="pmpid" link="fulltext">13331972</pubid>
            </xrefbib>
         </bibl>
         <bibl id="B14">
            <aug>
               <au>
                  <snm>Sarrafian</snm>
                  <fnm>SK</fnm>
               </au>
            </aug>
            <source>Anatomy of the Foot and Ankle: Descriptive, Topographic, Functional</source>
            <publisher>Philadelphia, PA: JB Lippincott</publisher>
            <edition>2</edition>
            <pubdate>1993</pubdate>
            <fpage>159</fpage>
            <lpage>187</lpage>
            <note>474&#8211;551</note>
         </bibl>
         <bibl id="B15">
            <title>
               <p>The anatomy and mechanisms of syndesmotic ankle sprains</p>
            </title>
            <aug>
               <au>
                  <snm>Norkus</snm>
                  <fnm>SA</fnm>
               </au>
               <au>
                  <snm>Floyd</snm>
                  <fnm>RT</fnm>
               </au>
            </aug>
            <source>J Athl Train</source>
            <pubdate>2001</pubdate>
            <volume>36</volume>
            <fpage>68</fpage>
            <xrefbib>
               <pubidlist>
                  <pubid idtype="pmcid">155405</pubid>
                  <pubid idtype="pmpid">16404437</pubid>
               </pubidlist>
            </xrefbib>
         </bibl>
         <bibl id="B16">
            <title>
               <p>Diagnosis of a tear of the tibiofibular syndesmosis. The role of arthroscopy of the ankle</p>
            </title>
            <aug>
               <au>
                  <snm>Takao</snm>
                  <fnm>M</fnm>
               </au>
               <au>
                  <snm>Ochi</snm>
                  <fnm>M</fnm>
               </au>
               <au>
                  <snm>Oae</snm>
                  <fnm>K</fnm>
               </au>
            </aug>
            <source>J Bone Joint Surg Br</source>
            <pubdate>2003</pubdate>
            <volume>85</volume>
            <fpage>324</fpage>
            <xrefbib>
               <pubidlist>
                  <pubid idtype="doi">10.1302/0301-620X.85B3.13174</pubid>
                  <pubid idtype="pmpid" link="fulltext">12729102</pubid>
               </pubidlist>
            </xrefbib>
         </bibl>
         <bibl id="B17">
            <title>
               <p>Radiographic measurements do not predict syndesmotic injury in ankle fractures: an MRI study</p>
            </title>
            <aug>
               <au>
                  <snm>Nielson</snm>
                  <fnm>JH</fnm>
               </au>
               <au>
                  <snm>Gardner</snm>
                  <fnm>MJ</fnm>
               </au>
               <au>
                  <snm>Peterson</snm>
                  <fnm>MG</fnm>
               </au>
            </aug>
            <source>Clin Orthop Relat Res</source>
            <pubdate>2005</pubdate>
            <volume>436</volume>
            <fpage>216</fpage>
            <xrefbib>
               <pubid idtype="pmpid">15995444</pubid>
            </xrefbib>
         </bibl>
         <bibl id="B18">
            <title>
               <p>Radiographic measurement of the distal tibiofibular syndesmosis has limited use</p>
            </title>
            <aug>
               <au>
                  <snm>Beumer</snm>
                  <fnm>A</fnm>
               </au>
               <au>
                  <snm>van Hemert</snm>
                  <fnm>WL</fnm>
               </au>
               <au>
                  <snm>Niesing</snm>
                  <fnm>R</fnm>
               </au>
            </aug>
            <source>Clin Orthop Relat Res</source>
            <pubdate>2004</pubdate>
            <volume>423</volume>
            <fpage>227</fpage>
            <xrefbib>
               <pubid idtype="pmpid">15232454</pubid>
            </xrefbib>
         </bibl>
         <bibl id="B19">
            <title>
               <p>Injury of the tibiofibular syndesmosis: value of MR imaging for diagnosis</p>
            </title>
            <aug>
               <au>
                  <snm>Oae</snm>
                  <fnm>K</fnm>
               </au>
               <au>
                  <snm>Takao</snm>
                  <fnm>M</fnm>
               </au>
               <au>
                  <snm>Naito</snm>
                  <fnm>K</fnm>
               </au>
            </aug>
            <source>Radiology</source>
            <pubdate>2003</pubdate>
            <volume>227</volume>
            <fpage>155</fpage>
            <xrefbib>
               <pubidlist>
                  <pubid idtype="doi">10.1148/radiol.2271011865</pubid>
                  <pubid idtype="pmpid" link="fulltext">12616009</pubid>
               </pubidlist>
            </xrefbib>
         </bibl>
         <bibl id="B20">
            <title>
               <p>Radiographic and CT evaluation of tibiofibular syndesmotic diastasis: a cadaver study</p>
            </title>
            <aug>
               <au>
                  <snm>Ebraheim</snm>
                  <fnm>NA</fnm>
               </au>
               <au>
                  <snm>Lu</snm>
                  <fnm>J</fnm>
               </au>
               <au>
                  <snm>Yang</snm>
                  <fnm>H</fnm>
               </au>
            </aug>
            <source>Foot Ankle Int</source>
            <pubdate>1997</pubdate>
            <volume>18</volume>
            <fpage>693</fpage>
            <xrefbib>
               <pubidlist>
                  <pubid idtype="doi">10.1177/107110079701801103</pubid>
                  <pubid idtype="pmpid">9391813</pubid>
               </pubidlist>
            </xrefbib>
         </bibl>
         <bibl id="B21">
            <title>
               <p>Three-dimensional volume rendering of tibiofibular joint space and quantitative analysis of change in volume due to tibiofibular syndesmosis diastases</p>
            </title>
            <aug>
               <au>
                  <snm>Taser</snm>
                  <fnm>F</fnm>
               </au>
               <au>
                  <snm>Shafiq</snm>
                  <fnm>Q</fnm>
               </au>
               <au>
                  <snm>Ebraheim</snm>
                  <fnm>NA</fnm>
               </au>
            </aug>
            <source>Skeletal Radiol</source>
            <pubdate>2006</pubdate>
            <volume>35</volume>
            <fpage>935</fpage>
            <xrefbib>
               <pubidlist>
                  <pubid idtype="doi">10.1007/s00256-006-0101-9</pubid>
                  <pubid idtype="pmpid" link="fulltext">16683157</pubid>
               </pubidlist>
            </xrefbib>
         </bibl>
         <bibl id="B22">
            <title>
               <p>Tibiofibular syndesmosis: high-resolution MRI using a local gradient coil</p>
            </title>
            <aug>
               <au>
                  <snm>Muhle</snm>
                  <fnm>C</fnm>
               </au>
               <au>
                  <snm>Frank</snm>
                  <fnm>LR</fnm>
               </au>
               <au>
                  <snm>Rand</snm>
                  <fnm>T</fnm>
               </au>
            </aug>
            <source>J Comput Assist Tomogr</source>
            <pubdate>1998</pubdate>
            <volume>22</volume>
            <fpage>938</fpage>
            <xrefbib>
               <pubidlist>
                  <pubid idtype="doi">10.1097/00004728-199811000-00019</pubid>
                  <pubid idtype="pmpid" link="fulltext">9843237</pubid>
               </pubidlist>
            </xrefbib>
         </bibl>
         <bibl id="B23">
            <title>
               <p>Magnetic resonance imaging in the diagnosis of acute injured distal tibiofibular syndesmosis</p>
            </title>
            <aug>
               <au>
                  <snm>Vogl</snm>
                  <fnm>TJ</fnm>
               </au>
               <au>
                  <snm>Hochmuth</snm>
                  <fnm>K</fnm>
               </au>
               <au>
                  <snm>Diebold</snm>
                  <fnm>T</fnm>
               </au>
            </aug>
            <source>Invest Radiol</source>
            <pubdate>1997</pubdate>
            <volume>32</volume>
            <fpage>401</fpage>
            <xrefbib>
               <pubidlist>
                  <pubid idtype="doi">10.1097/00004424-199707000-00006</pubid>
                  <pubid idtype="pmpid" link="fulltext">9228606</pubid>
               </pubidlist>
            </xrefbib>
         </bibl>
      </refgrp>
      <sec>
         <st>
            <p>Pre-publication history</p>
         </st>
         <p>The pre-publication history for this paper can be accessed here:</p>
         <p><url>http://www.biomedcentral.com/2052-1847/5/9/prepub</url></p>
      </sec>
   </bm>
</art>

